{"cameraMode":{"drawMode":0,"name":"Shaded","section":"Shading Mode"},"sceneLighting":true,"audioPlay":false,"sceneViewState":{"showFog":true,"showMaterialUpdate":false,"showSkybox":true,"showFlares":true,"showImageEffects":true,"showParticleSystems":true},"in2DMode":false,"pivot":{"x":-1.5426154136657715,"y":-2.1177046298980715,"z":-5.272838592529297},"rotation":{"x":-0.07118690758943558,"y":0.921872079372406,"z":-0.20402942597866059,"w":-0.3216458261013031},"size":7.586129188537598,"orthographic":false}